price,10.1,????????? ?????? 50?20/?.?.
price40,8.5,????????? ????? 40?20/?.?.
price20,6.5,????????? ????? 20?20/?.?.
lprice,200,????????? ????? (1?2?)
lm_price,150,????????? ????? (1.25?2.5?)
pprice,12,????????? ?????/??
y_price,12,????????? ??????????/?.?.
yp_price,12,????????? ???????????/?.?.
ot_price,12,?????? ??????????????/?.?.
in_price,12,????????? ??????/?.?.
pl_price,112,????????? ????????/?2
la_price,150,????????? ????????/?2
m10_price,100,????????? ??? 10/?2
m16_price,200,????????? ??? 16/?2
list_pf_price,30,???????? ??/?2
list_mag_price,70,???????? ???????/?2
list_an_price,80,???????? ?????/?2
dnal_price,10,????????? ????????/?.?.
lit_nal_price,20,???. ???????? ?.?.
price4040,100,????????? ????? 40?40/?.?.
listm2,50,????????? ?????/?2
plenka,20,?????? ?????????????/?.?.
price50,10.1,????????? ?????? 50?25/?.?.
price25,12,????????? ????? 25?25/?.?.
ogr,20,??????/?.?.
gips,14,???????????/?2
vata,10,????????/?2
price60,8.5,????????? ????? 60?40/?.?.
price30,11,????????? ????? 50?30/?.?.
lprice15,150,????????? ????? (1?2?) ??????? 1.5
lm_price15,100,????????? ????? (1.25?2.5?) ??????? 1.5
